name,datetime,temp,feelslike,dew,humidity,precip,precipprob,preciptype,snow,snowdepth,windgust,windspeed,winddir,sealevelpressure,cloudcover,visibility,solarradiation,solarenergy,uvindex,severerisk,conditions,icon,stations
"davis, ca",2026-05-12T00:00:00,64.6,64.6,54.9,70.98,0,0,,0,0,12.8,1,355,1011.9,15.6,9.9,0,0,0,10,Clear,clear-night,"KSMF,KEDU,KSAC,KVCB,KSUU,F6859"
"davis, ca",2026-05-12T01:00:00,61.2,61.2,56.3,83.71,0,0,,0,0,11.4,0.7,354,1011.9,7.8,9.9,0,0,0,10,Clear,clear-night,"KSMF,KEDU,KSAC,KVCB,KSUU,F6859"
"davis, ca",2026-05-12T02:00:00,59.4,59.4,56.4,89.75,0,0,,0,0,9.2,0.6,8,1011.5,0,9.9,0,0,0,10,Clear,clear-night,"KSMF,KEDU,KSAC,KVCB,KSUU,F6859"
"davis, ca",2026-05-12T03:00:00,57.7,57.7,54.8,90.14,0,0,,0,0,9.2,0.6,9,1011.2,0,9.9,0,0,0,10,Clear,clear-night,"KSMF,KEDU,KSAC,KVCB,KSUU,F6859"
"davis, ca",2026-05-12T04:00:00,57.5,57.5,54.8,90.52,0,0,,0,0,9.2,0.6,9,1011.2,0,9.9,0,0,0,10,Clear,clear-night,"KSMF,KEDU,KSAC,KVCB,KSUU,F6859"
"davis, ca",2026-05-12T05:00:00,55.8,55.8,54.8,96.53,0,0,,0,0,9.2,0.9,354,1011.5,7.8,9.9,0,0,0,10,Clear,clear-night,"KSMF,KEDU,KSAC,KVCB,KSUU,F6859"
"davis, ca",2026-05-12T06:00:00,55.5,55.5,54.9,97.56,0,0,,0,0,9.2,0.8,354,1011.5,27.5,9.9,10,0,0,10,Partially cloudy,partly-cloudy-day,"KSMF,KEDU,KSAC,KVCB,KSUU,F6859"
"davis, ca",2026-05-12T07:00:00,57.2,57.2,54.9,92.01,0,0,,0,0,8.1,0.8,354,1011.9,27.5,9.9,122,0.4,1,10,Partially cloudy,partly-cloudy-day,"KSMF,KEDU,KSAC,KVCB,KSUU,F6859"
"davis, ca",2026-05-12T08:00:00,60.8,60.8,56.5,85.94,0,0,,0,0,8.1,0.7,354,1012.2,15.6,9.9,313,1.1,3,10,Clear,clear-day,"KSMF,KEDU,KSAC,KVCB,KSUU,F6859"
"davis, ca",2026-05-12T09:00:00,67.7,67.7,56.6,67.65,0,0,,0,0,9.2,0.8,358,1012.2,27.5,9.9,428,1.5,4,10,Partially cloudy,partly-cloudy-day,"KSMF,KEDU,KSAC,KVCB,KSUU,F6859"
"davis, ca",2026-05-12T10:00:00,73,73,55.2,53.56,0,0,,0,0,10.3,0.9,3,1012.2,27.5,9.9,705,2.5,7,10,Partially cloudy,partly-cloudy-day,"KSMF,KEDU,KSAC,KVCB,KSUU,F6859"
"davis, ca",2026-05-12T11:00:00,76.7,76.7,55.3,47.62,0,0,,0,0,32.2,1,7,1012.5,27.5,9.9,906,3.3,9,10,Partially cloudy,partly-cloudy-day,"KSMF,KEDU,KSAC,KVCB,KSUU,F6859"
"davis, ca",2026-05-12T12:00:00,80.2,80.3,55.2,42.16,0,0,,0,0,13.9,1.2,343,1012.5,27.5,6.6,1115,4,10,10,Partially cloudy,partly-cloudy-day,"KSMF,KEDU,KSAC,KVCB,KSUU,F6859"
"davis, ca",2026-05-12T13:00:00,83.8,82.7,55.2,37.7,0,0,,0,0,16.1,1.1,355,1012.2,30.7,8.3,983,3.5,10,10,Partially cloudy,partly-cloudy-day,"KSMF,KEDU,KSAC,KVCB,KSUU"
"davis, ca",2026-05-12T14:00:00,85.6,83,47.2,26.35,0,0,,0,0,18.3,13.4,200,1011.5,30.7,9.9,968,3.5,10,10,Partially cloudy,partly-cloudy-day,"KSMF,KEDU,KSAC,KVCB,KSUU"
"davis, ca",2026-05-12T15:00:00,85.8,83.5,49.9,29,0,0,,0,0,17.5,9.4,190,1011.2,30.7,9.9,1175,4.2,10,10,Partially cloudy,partly-cloudy-day,"KSMF,KEDU,KSAC,KVCB,KSUU,F6859"
"davis, ca",2026-05-12T16:00:00,82.5,81,49.8,32.17,0,0,,0,0,20.8,10.3,164,1010.5,30.7,2.7,1089,3.9,10,5,Partially cloudy,partly-cloudy-day,"KSMF,KEDU,KSAC,KVCB,KSUU,F6859"
"davis, ca",2026-05-12T17:00:00,80.6,80.4,54.5,40.67,0,0,,0,0,22.6,8.8,174,1010.2,27.5,9.9,856,3.1,9,5,Partially cloudy,partly-cloudy-day,"KSMF,KEDU,KSAC,KVCB,KSUU,F6859"
"davis, ca",2026-05-12T18:00:00,77.5,77.5,54.7,45.22,0,0,,0,0,21.1,13.9,194,1009.9,27.5,9.9,590,2.1,6,5,Partially cloudy,partly-cloudy-day,"KSMF,KSAC,KVCB,KSUU,F6859"
"davis, ca",2026-05-12T19:00:00,73.3,73.3,54.4,51.73,0,0,,0,0,19.3,12.3,193,1010.1,0,9.9,380,1.4,4,10,Clear,clear-day,"KSMF,KSAC,KVCB,KSUU,F6859"
"davis, ca",2026-05-12T20:00:00,66.8,66.8,53.4,62.08,0,0,,0,0,23,12,192,1010.5,27.5,9.9,126,0.5,1,10,Partially cloudy,partly-cloudy-day,"KSMF,KSAC,KVCB,KSUU,F6859"
"davis, ca",2026-05-12T21:00:00,64.2,64.2,53.3,67.54,0,0,,0,0,17.7,11.6,209,1010.8,27.5,9.9,0,0,0,10,Partially cloudy,partly-cloudy-night,"KSMF,KEDU,KSAC,KVCB,KSUU,F6859"
"davis, ca",2026-05-12T22:00:00,61,61,50.7,68.82,0,0,,0,0,23,11.2,185,1012.2,27.5,9.9,0,0,0,10,Partially cloudy,partly-cloudy-night,"KSMF,KSAC,KVCB,KSUU,F6859"
"davis, ca",2026-05-12T23:00:00,58.8,58.8,49.9,72.32,0,0,,0,0,25.3,11.5,183,1013,15.6,9.9,0,0,0,10,Clear,clear-night,"KSMF,KSAC,KVCB,KSUU,F6859"
